Rolito,EDITBA,2000,8000
Axel's Consortium Bags,FCF,2017,6969
Rolito,EDITBA,2001,9000
Axel's Consortium Bags,EDITBA,2017,7171
Axel's Consortium Bags,EDITBA,2015,6969
Rolito,EDITBA,2000,9000
Rolito,EDITBA,2003,8003
Rolito,EDITBA,2005,8500
Rolito,EDITBA,2008,9000
Rolito,EDITBA,2000,11000
Rip SA,FCF,1999,11500
Rip SA,FCF,1999,25000
Rip SA,EDITBA,2002,15000
Rolito,FCF,2001,17400
Rolito,FCF,2001,3700
Rolito,EDITBA,2010,1000
Axel's Consortium Bags,EDITBA,2010,2000
Axel's Consortium Bags,EDITBA,2009,1900
Axel's Consortium Bags,EDITBA,2008,1800
Axel's Consortium Bags,EDITBA,2007,1700
Axel's Consortium Bags,EDITBA,2006,1600
Axel's Consortium Bags,EDITBA,2005,1500
Axel's Consortium Bags,EDITBA,2004,1400
Axel's Consortium Bags,EDITBA,2003,1300
Axel's Consortium Bags,EDITBA,2002,1200
Axel's Consortium Bags,EDITBA,2001,1100
Axel's Consortium Bags,EDITBA,2000,1100
Tecno,EDITBA,2000,1000
Tecno,EDITBA,2001,1100
Tecno,EDITBA,2002,1200
Tecno,EDITBA,2003,1300
Tecno,EDITBA,2004,1400
Tecno,EDITBA,2005,1500
Tecno,EDITBA,2006,1600
Tecno,EDITBA,2007,1700
Tecno,EDITBA,2008,1800
Tecno,EDITBA,2009,1900
Tecno,EDITBA,2010,2000
Google,EDITBA,2000,1000
Google,EDITBA,2001,900
Google,EDITBA,2002,1200
Google,EDITBA,2003,1300
Google,EDITBA,2004,1400
Google,EDITBA,2005,1500
Google,EDITBA,2006,1600
Google,EDITBA,2007,1700
Google,EDITBA,2008,1800
Google,EDITBA,2009,1900
Google,EDITBA,2010,2000
Jorgito,EDITBA,2010,2000
Jorgito,EDITBA,2009,2100
Jorgito,EDITBA,2008,1800
Jorgito,EDITBA,2007,1700
Jorgito,EDITBA,2006,1600
Jorgito,EDITBA,2005,1500
Jorgito,EDITBA,2004,1400
Jorgito,EDITBA,2003,1300
Jorgito,EDITBA,2002,1200
Jorgito,EDITBA,2001,1100
Jorgito,EDITBA,2000,1100
TecnoPlus,FCF,2000,1000
TecnoPlus,FCF,2001,1100
TecnoPlus,FCF,2002,1200
TecnoPlus,FCF,2003,1300
TecnoPlus,FCF,2004,1400
TecnoPlus,FCF,2005,1500
TecnoPlus,FCF,2006,1600
TecnoPlus,FCF,2007,1700
TecnoPlus,FCF,2008,1800
TecnoPlus,FCF,2009,1900
TecnoPlus,FCF,2010,2000